approach,image,topk_text,examples_json
Approach 3,c:\Users\megan\OneDrive\Documents\Github\COS30082_ML_project\AML_project_herbarium_dataset\train\photo\110432\293568.jpg,"Top-1: 110432 — 97.57%
Top-2: 145020 — 0.35%
Top-3: 106466 — 0.13%
Top-4: 142550 — 0.11%
Top-5: 275029 — 0.09%","{""110432"": [""c:\\Users\\megan\\OneDrive\\Documents\\Github\\COS30082_ML_project\\AML_project_herbarium_dataset\\train/herbarium\\110432\\293523.jpg"", ""c:\\Users\\megan\\OneDrive\\Documents\\Github\\COS30082_ML_project\\AML_project_herbarium_dataset\\train/herbarium\\110432\\293524.jpg"", ""c:\\Users\\megan\\OneDrive\\Documents\\Github\\COS30082_ML_project\\AML_project_herbarium_dataset\\train/herbarium\\110432\\293526.jpg"", ""c:\\Users\\megan\\OneDrive\\Documents\\Github\\COS30082_ML_project\\AML_project_herbarium_dataset\\train/herbarium\\110432\\293527.jpg"", ""c:\\Users\\megan\\OneDrive\\Documents\\Github\\COS30082_ML_project\\AML_project_herbarium_dataset\\train/photo\\110432\\1010.jpg"", ""c:\\Users\\megan\\OneDrive\\Documents\\Github\\COS30082_ML_project\\AML_project_herbarium_dataset\\train/photo\\110432\\1012.jpg"", ""c:\\Users\\megan\\OneDrive\\Documents\\Github\\COS30082_ML_project\\AML_project_herbarium_dataset\\train/photo\\110432\\1013.jpg"", ""c:\\Users\\megan\\OneDrive\\Documents\\Github\\COS30082_ML_project\\AML_project_herbarium_dataset\\train/photo\\110432\\293566.jpg""], ""145020"": [""c:\\Users\\megan\\OneDrive\\Documents\\Github\\COS30082_ML_project\\AML_project_herbarium_dataset\\train/herbarium\\145020\\88709.jpg"", ""c:\\Users\\megan\\OneDrive\\Documents\\Github\\COS30082_ML_project\\AML_project_herbarium_dataset\\train/herbarium\\145020\\88710.jpg"", ""c:\\Users\\megan\\OneDrive\\Documents\\Github\\COS30082_ML_project\\AML_project_herbarium_dataset\\train/herbarium\\145020\\88712.jpg"", ""c:\\Users\\megan\\OneDrive\\Documents\\Github\\COS30082_ML_project\\AML_project_herbarium_dataset\\train/herbarium\\145020\\88713.jpg""], ""106466"": [""c:\\Users\\megan\\OneDrive\\Documents\\Github\\COS30082_ML_project\\AML_project_herbarium_dataset\\train/herbarium\\106466\\169162.jpg"", ""c:\\Users\\megan\\OneDrive\\Documents\\Github\\COS30082_ML_project\\AML_project_herbarium_dataset\\train/herbarium\\106466\\169163.jpg"", ""c:\\Users\\megan\\OneDrive\\Documents\\Github\\COS30082_ML_project\\AML_project_herbarium_dataset\\train/herbarium\\106466\\169164.jpg"", ""c:\\Users\\megan\\OneDrive\\Documents\\Github\\COS30082_ML_project\\AML_project_herbarium_dataset\\train/herbarium\\106466\\169165.jpg""], ""142550"": [""c:\\Users\\megan\\OneDrive\\Documents\\Github\\COS30082_ML_project\\AML_project_herbarium_dataset\\train/herbarium\\142550\\265637.jpg"", ""c:\\Users\\megan\\OneDrive\\Documents\\Github\\COS30082_ML_project\\AML_project_herbarium_dataset\\train/herbarium\\142550\\265638.jpg"", ""c:\\Users\\megan\\OneDrive\\Documents\\Github\\COS30082_ML_project\\AML_project_herbarium_dataset\\train/herbarium\\142550\\265639.jpg"", ""c:\\Users\\megan\\OneDrive\\Documents\\Github\\COS30082_ML_project\\AML_project_herbarium_dataset\\train/herbarium\\142550\\265640.jpg"", ""c:\\Users\\megan\\OneDrive\\Documents\\Github\\COS30082_ML_project\\AML_project_herbarium_dataset\\train/photo\\142550\\265629.jpg"", ""c:\\Users\\megan\\OneDrive\\Documents\\Github\\COS30082_ML_project\\AML_project_herbarium_dataset\\train/photo\\142550\\265631.jpg"", ""c:\\Users\\megan\\OneDrive\\Documents\\Github\\COS30082_ML_project\\AML_project_herbarium_dataset\\train/photo\\142550\\265632.jpg"", ""c:\\Users\\megan\\OneDrive\\Documents\\Github\\COS30082_ML_project\\AML_project_herbarium_dataset\\train/photo\\142550\\265633.jpg""], ""275029"": [""c:\\Users\\megan\\OneDrive\\Documents\\Github\\COS30082_ML_project\\AML_project_herbarium_dataset\\train/herbarium\\275029\\154558.jpg"", ""c:\\Users\\megan\\OneDrive\\Documents\\Github\\COS30082_ML_project\\AML_project_herbarium_dataset\\train/herbarium\\275029\\154623.jpg"", ""c:\\Users\\megan\\OneDrive\\Documents\\Github\\COS30082_ML_project\\AML_project_herbarium_dataset\\train/herbarium\\275029\\154659.jpg"", ""c:\\Users\\megan\\OneDrive\\Documents\\Github\\COS30082_ML_project\\AML_project_herbarium_dataset\\train/herbarium\\275029\\154680.jpg"", ""c:\\Users\\megan\\OneDrive\\Documents\\Github\\COS30082_ML_project\\AML_project_herbarium_dataset\\train/photo\\275029\\154696.jpg"", ""c:\\Users\\megan\\OneDrive\\Documents\\Github\\COS30082_ML_project\\AML_project_herbarium_dataset\\train/photo\\275029\\154697.jpg"", ""c:\\Users\\megan\\OneDrive\\Documents\\Github\\COS30082_ML_project\\AML_project_herbarium_dataset\\train/photo\\275029\\154723.jpg"", ""c:\\Users\\megan\\OneDrive\\Documents\\Github\\COS30082_ML_project\\AML_project_herbarium_dataset\\train/photo\\275029\\154724.jpg""]}"
Approach 2,c:\Users\megan\OneDrive\Documents\Github\COS30082_ML_project\AML_project_herbarium_dataset\train\photo\110432\293568.jpg,"Top-1: 110432 — 49.16%
Top-2: 106461 — 37.29%
Top-3: 151469 — 4.41%
Top-4: 211059 — 1.09%
Top-5: 121836 — 1.09%","{""110432"": [""c:\\Users\\megan\\OneDrive\\Documents\\Github\\COS30082_ML_project\\AML_project_herbarium_dataset\\train/herbarium\\110432\\293523.jpg"", ""c:\\Users\\megan\\OneDrive\\Documents\\Github\\COS30082_ML_project\\AML_project_herbarium_dataset\\train/herbarium\\110432\\293524.jpg"", ""c:\\Users\\megan\\OneDrive\\Documents\\Github\\COS30082_ML_project\\AML_project_herbarium_dataset\\train/herbarium\\110432\\293526.jpg"", ""c:\\Users\\megan\\OneDrive\\Documents\\Github\\COS30082_ML_project\\AML_project_herbarium_dataset\\train/herbarium\\110432\\293527.jpg"", ""c:\\Users\\megan\\OneDrive\\Documents\\Github\\COS30082_ML_project\\AML_project_herbarium_dataset\\train/photo\\110432\\1010.jpg"", ""c:\\Users\\megan\\OneDrive\\Documents\\Github\\COS30082_ML_project\\AML_project_herbarium_dataset\\train/photo\\110432\\1012.jpg"", ""c:\\Users\\megan\\OneDrive\\Documents\\Github\\COS30082_ML_project\\AML_project_herbarium_dataset\\train/photo\\110432\\1013.jpg"", ""c:\\Users\\megan\\OneDrive\\Documents\\Github\\COS30082_ML_project\\AML_project_herbarium_dataset\\train/photo\\110432\\293566.jpg""], ""106461"": [""c:\\Users\\megan\\OneDrive\\Documents\\Github\\COS30082_ML_project\\AML_project_herbarium_dataset\\train/herbarium\\106461\\153999.jpg"", ""c:\\Users\\megan\\OneDrive\\Documents\\Github\\COS30082_ML_project\\AML_project_herbarium_dataset\\train/herbarium\\106461\\154042.jpg"", ""c:\\Users\\megan\\OneDrive\\Documents\\Github\\COS30082_ML_project\\AML_project_herbarium_dataset\\train/herbarium\\106461\\154066.jpg"", ""c:\\Users\\megan\\OneDrive\\Documents\\Github\\COS30082_ML_project\\AML_project_herbarium_dataset\\train/herbarium\\106461\\154078.jpg"", ""c:\\Users\\megan\\OneDrive\\Documents\\Github\\COS30082_ML_project\\AML_project_herbarium_dataset\\train/photo\\106461\\154113.jpg"", ""c:\\Users\\megan\\OneDrive\\Documents\\Github\\COS30082_ML_project\\AML_project_herbarium_dataset\\train/photo\\106461\\154115.jpg"", ""c:\\Users\\megan\\OneDrive\\Documents\\Github\\COS30082_ML_project\\AML_project_herbarium_dataset\\train/photo\\106461\\154119.jpg"", ""c:\\Users\\megan\\OneDrive\\Documents\\Github\\COS30082_ML_project\\AML_project_herbarium_dataset\\train/photo\\106461\\154120.jpg""], ""151469"": [""c:\\Users\\megan\\OneDrive\\Documents\\Github\\COS30082_ML_project\\AML_project_herbarium_dataset\\train/herbarium\\151469\\308134.jpg"", ""c:\\Users\\megan\\OneDrive\\Documents\\Github\\COS30082_ML_project\\AML_project_herbarium_dataset\\train/herbarium\\151469\\308139.jpg"", ""c:\\Users\\megan\\OneDrive\\Documents\\Github\\COS30082_ML_project\\AML_project_herbarium_dataset\\train/herbarium\\151469\\308155.jpg"", ""c:\\Users\\megan\\OneDrive\\Documents\\Github\\COS30082_ML_project\\AML_project_herbarium_dataset\\train/herbarium\\151469\\308181.jpg"", ""c:\\Users\\megan\\OneDrive\\Documents\\Github\\COS30082_ML_project\\AML_project_herbarium_dataset\\train/photo\\151469\\1896.jpg"", ""c:\\Users\\megan\\OneDrive\\Documents\\Github\\COS30082_ML_project\\AML_project_herbarium_dataset\\train/photo\\151469\\308229.jpg"", ""c:\\Users\\megan\\OneDrive\\Documents\\Github\\COS30082_ML_project\\AML_project_herbarium_dataset\\train/photo\\151469\\308231.jpg"", ""c:\\Users\\megan\\OneDrive\\Documents\\Github\\COS30082_ML_project\\AML_project_herbarium_dataset\\train/photo\\151469\\308243.jpg""], ""211059"": [""c:\\Users\\megan\\OneDrive\\Documents\\Github\\COS30082_ML_project\\AML_project_herbarium_dataset\\train/herbarium\\211059\\186538.jpg"", ""c:\\Users\\megan\\OneDrive\\Documents\\Github\\COS30082_ML_project\\AML_project_herbarium_dataset\\train/herbarium\\211059\\186680.jpg"", ""c:\\Users\\megan\\OneDrive\\Documents\\Github\\COS30082_ML_project\\AML_project_herbarium_dataset\\train/herbarium\\211059\\186684.jpg"", ""c:\\Users\\megan\\OneDrive\\Documents\\Github\\COS30082_ML_project\\AML_project_herbarium_dataset\\train/herbarium\\211059\\186691.jpg"", ""c:\\Users\\megan\\OneDrive\\Documents\\Github\\COS30082_ML_project\\AML_project_herbarium_dataset\\train/photo\\211059\\186729.jpg"", ""c:\\Users\\megan\\OneDrive\\Documents\\Github\\COS30082_ML_project\\AML_project_herbarium_dataset\\train/photo\\211059\\186730.jpg"", ""c:\\Users\\megan\\OneDrive\\Documents\\Github\\COS30082_ML_project\\AML_project_herbarium_dataset\\train/photo\\211059\\186734.jpg"", ""c:\\Users\\megan\\OneDrive\\Documents\\Github\\COS30082_ML_project\\AML_project_herbarium_dataset\\train/photo\\211059\\186735.jpg""], ""121836"": [""c:\\Users\\megan\\OneDrive\\Documents\\Github\\COS30082_ML_project\\AML_project_herbarium_dataset\\train/herbarium\\121836\\86130.jpg"", ""c:\\Users\\megan\\OneDrive\\Documents\\Github\\COS30082_ML_project\\AML_project_herbarium_dataset\\train/herbarium\\121836\\86137.jpg"", ""c:\\Users\\megan\\OneDrive\\Documents\\Github\\COS30082_ML_project\\AML_project_herbarium_dataset\\train/herbarium\\121836\\86146.jpg"", ""c:\\Users\\megan\\OneDrive\\Documents\\Github\\COS30082_ML_project\\AML_project_herbarium_dataset\\train/herbarium\\121836\\86154.jpg"", ""c:\\Users\\megan\\OneDrive\\Documents\\Github\\COS30082_ML_project\\AML_project_herbarium_dataset\\train/photo\\121836\\2512.jpg"", ""c:\\Users\\megan\\OneDrive\\Documents\\Github\\COS30082_ML_project\\AML_project_herbarium_dataset\\train/photo\\121836\\2513.jpg"", ""c:\\Users\\megan\\OneDrive\\Documents\\Github\\COS30082_ML_project\\AML_project_herbarium_dataset\\train/photo\\121836\\2514.jpg"", ""c:\\Users\\megan\\OneDrive\\Documents\\Github\\COS30082_ML_project\\AML_project_herbarium_dataset\\train/photo\\121836\\2516.jpg""]}"
